Feature,Importance
price_normalized,0.03675610452596402
3_reg,0.008996967395650398
5_reg,0.008500886261784878
10_reg,0.0040299077407649625
20_reg,0.0018061196079441817
Volume,0.0015547677131938858
